-- final_team3 會員假資料（只保留 INSERT）
-- 前提：請先執行 exports/create-v2.sql 建立資料表結構。
-- 本檔案適用於剛建立好的空白資料庫；重複執行會因主鍵重複而失敗。
-- 請不要再另外執行 exports/member 假資料/ 裡的原始 SQL，避免重複插入。

USE `final_team3`;

START TRANSACTION;
-- 會員主資料：users
INSERT INTO
    `users` (
        `id`,
        `user_no`,
        `email`,
        `password_hash`,
        `name`,
        `nickname`,
        `phone`,
        `address`,
        `avatar`,
        `status`,
        `email_verified`,
        `email_verified_at`,
        `login_attempts`,
        `locked_until`,
        `last_login_at`,
        `created_at`,
        `updated_at`
    )
VALUES (
        1,
        'U26070101T',
        'yuki.chen@gmail.com',
        '$2b$12$WMdblPeB1MyTkFz8sEahR.uJgqJllnQB0KS9pEnL.sQN3okhLB7WO',
        '陳悠希',
        'Yuki',
        '0912345678',
        '台北市大安區仁愛路四段100號5樓',
        NULL,
        'ACTIVE',
        1,
        '2026-06-10 09:15:22',
        0,
        NULL,
        '2026-07-13 15:43:15',
        '2026-06-10 09:10:11',
        '2026-07-14 15:41:52'
    ),
    (
        2,
        'U26070102Y',
        'amy.wang@gmail.com',
        '$2b$12$LUasKw9Q3EzeWa24p0FSI.ge4ghxvbMGLTI7tL3rrCyjX2wvHTd2a',
        '王雅婷',
        'Amy',
        '0922456789',
        '新北市板橋區文化路二段120號',
        NULL,
        'ACTIVE',
        1,
        '2026-06-11 13:20:18',
        0,
        NULL,
        '2026-07-13 15:44:37',
        '2026-06-11 13:15:03',
        '2026-07-14 15:41:58'
    ),
    (
        3,
        'U26070103J',
        'kevin.lin@gmail.com',
        '$2b$12$LUasKw9Q3EzeWa24p0FSI.ge4ghxvbMGLTI7tL3rrCyjX2wvHTd2a',
        '林承翰',
        'Kevin',
        '0933567890',
        '桃園市中壢區中央西路50號8樓',
        NULL,
        'ACTIVE',
        1,
        '2026-06-12 10:05:30',
        0,
        'http://localhost:3001/uploads/avatars/u3-1784606069096-a30f5537.png',
        '2026-07-08 20:10:45',
        '2026-06-12 09:55:20',
        '2026-07-14 15:42:03'
    ),
    (
        4,
        'U26070204T',
        'mia.huang@gmail.com',
        '$2b$12$LUasKw9Q3EzeWa24p0FSI.ge4ghxvbMGLTI7tL3rrCyjX2wvHTd2a',
        '黃詩涵',
        'Mia',
        '0944678901',
        '台中市西屯區台灣大道三段200號',
        NULL,
        'ACTIVE',
        1,
        '2026-06-13 15:30:10',
        0,
        NULL,
        '2026-07-07 12:30:18',
        '2026-06-13 15:25:09',
        '2026-07-14 15:42:08'
    ),
    (
        5,
        'U26070205H',
        'jacky.lee@gmail.com',
        '$2b$12$LUasKw9Q3EzeWa24p0FSI.ge4ghxvbMGLTI7tL3rrCyjX2wvHTd2a',
        '李冠廷',
        'Jacky',
        '0955789012',
        '高雄市左營區博愛三路88號',
        NULL,
        'ACTIVE',
        1,
        '2026-06-14 11:45:33',
        0,
        NULL,
        '2026-07-06 22:15:30',
        '2026-06-14 11:40:21',
        '2026-07-14 15:42:13'
    ),
    (
        6,
        'U26070206M',
        'sophia.tsai@gmail.com',
        '$2b$12$LUasKw9Q3EzeWa24p0FSI.ge4ghxvbMGLTI7tL3rrCyjX2wvHTd2a',
        '蔡佳穎',
        'Sophia',
        '0966890123',
        '台北市信義區松仁路88號',
        NULL,
        'ACTIVE',
        1,
        '2026-06-15 08:30:20',
        0,
        NULL,
        '2026-07-05 19:22:10',
        '2026-06-15 08:25:11',
        '2026-07-14 15:42:19'
    ),
    (
        7,
        'U26070307K',
        'eric.wu@gmail.com',
        '$2b$12$LUasKw9Q3EzeWa24p0FSI.ge4ghxvbMGLTI7tL3rrCyjX2wvHTd2a',
        '吳俊賢',
        'Eric',
        '0977901234',
        '新北市新店區北新路三段50號',
        NULL,
        'ACTIVE',
        1,
        '2026-06-16 14:12:55',
        0,
        NULL,
        '2026-07-04 16:45:12',
        '2026-06-16 14:05:30',
        '2026-07-14 15:42:24'
    ),
    (
        8,
        'U26070308N',
        'lisa.chang@gmail.com',
        '$2b$12$LUasKw9Q3EzeWa24p0FSI.ge4ghxvbMGLTI7tL3rrCyjX2wvHTd2a',
        '張雅雯',
        'Lisa',
        '0988012345',
        '台北市士林區中山北路六段120號',
        NULL,
        'ACTIVE',
        1,
        '2026-06-17 12:10:30',
        3,
        '2026-07-15 00:00:00',
        '2026-07-01 09:20:10',
        '2026-06-17 12:00:20',
        '2026-07-14 15:42:28'
    ),
    (
        9,
        'U26070309S',
        'andy.kuo@gmail.com',
        '$2b$12$LUasKw9Q3EzeWa24p0FSI.ge4ghxvbMGLTI7tL3rrCyjX2wvHTd2a',
        '郭柏廷',
        'Andy',
        '0989123456',
        '桃園市桃園區中正路300號',
        NULL,
        'ACTIVE',
        0,
        NULL,
        0,
        NULL,
        NULL,
        '2026-06-18 10:15:00',
        '2026-07-14 15:42:33'
    ),
    (
        10,
        'U26070410F',
        'vivian.liu@gmail.com',
        '$2b$12$LUasKw9Q3EzeWa24p0FSI.ge4ghxvbMGLTI7tL3rrCyjX2wvHTd2a',
        '劉薇安',
        'Vivian',
        '0911223344',
        '台中市北區學士路88號',
        NULL,
        'ACTIVE',
        1,
        '2026-06-19 16:20:00',
        0,
        NULL,
        '2026-07-10 08:40:22',
        '2026-06-19 16:15:10',
        '2026-07-14 15:42:39'
    ),
    (
        11,
        'U26070411L',
        'cindy.hsu@gmail.com',
        '$2b$12$LUasKw9Q3EzeWa24p0FSI.ge4ghxvbMGLTI7tL3rrCyjX2wvHTd2a',
        '許欣怡',
        'Cindy',
        '0922334455',
        '新北市三重區重新路二段66號',
        NULL,
        'ACTIVE',
        1,
        '2026-06-20 10:20:30',
        0,
        NULL,
        '2026-07-10 14:35:10',
        '2026-06-20 10:15:20',
        '2026-07-14 15:42:43'
    ),
    (
        12,
        'U26070412Y',
        'ben.chou@gmail.com',
        '$2b$12$LUasKw9Q3EzeWa24p0FSI.ge4ghxvbMGLTI7tL3rrCyjX2wvHTd2a',
        '周柏宇',
        'Ben',
        '0933445566',
        '台北市中山區南京東路三段120號',
        NULL,
        'ACTIVE',
        0,
        NULL,
        0,
        NULL,
        NULL,
        '2026-06-21 11:25:40',
        '2026-07-14 15:42:47'
    ),
    (
        13,
        'U26070513D',
        'grace.yeh@gmail.com',
        '$2b$12$LUasKw9Q3EzeWa24p0FSI.ge4ghxvbMGLTI7tL3rrCyjX2wvHTd2a',
        '葉佳蓉',
        'Grace',
        '0944556677',
        '新竹市東區光復路二段150號',
        NULL,
        'ACTIVE',
        1,
        '2026-06-22 09:30:10',
        0,
        NULL,
        '2026-07-08 13:20:50',
        '2026-06-22 09:20:00',
        '2026-07-14 15:42:53'
    ),
    (
        14,
        'U26070514W',
        'tony.ho@gmail.com',
        '$2b$12$LUasKw9Q3EzeWa24p0FSI.ge4ghxvbMGLTI7tL3rrCyjX2wvHTd2a',
        '何冠霖',
        'Tony',
        '0955667788',
        '新竹縣竹北市縣政二路88號',
        NULL,
        'ACTIVE',
        1,
        '2026-06-23 15:40:20',
        0,
        NULL,
        '2026-07-09 10:12:33',
        '2026-06-23 15:35:10',
        '2026-07-14 15:43:18'
    ),
    (
        15,
        'U26070515E',
        'iris.cheng@gmail.com',
        '$2b$12$LUasKw9Q3EzeWa24p0FSI.ge4ghxvbMGLTI7tL3rrCyjX2wvHTd2a',
        '鄭伊婷',
        'Iris',
        '0966778899',
        '台南市東區東門路二段90號',
        NULL,
        'ACTIVE',
        1,
        '2026-06-24 12:20:00',
        0,
        NULL,
        '2026-07-06 18:30:20',
        '2026-06-24 12:10:20',
        '2026-07-14 15:43:22'
    ),
    (
        16,
        'U26070616V',
        'wayne.yang@gmail.com',
        '$2b$12$LUasKw9Q3EzeWa24p0FSI.ge4ghxvbMGLTI7tL3rrCyjX2wvHTd2a',
        '楊博文',
        'Wayne',
        '0977889900',
        '台北市北投區明德路120號',
        NULL,
        'ACTIVE',
        1,
        '2026-06-25 13:15:40',
        0,
        NULL,
        '2026-07-10 07:45:20',
        '2026-06-25 13:10:00',
        '2026-07-14 15:43:26'
    ),
    (
        17,
        'U26070617I',
        'zoe.luo@gmail.com',
        '$2b$12$LUasKw9Q3EzeWa24p0FSI.ge4ghxvbMGLTI7tL3rrCyjX2wvHTd2a',
        '羅子晴',
        'Zoe',
        '0988990011',
        '新北市永和區中正路200號',
        NULL,
        'ACTIVE',
        1,
        '2026-06-26 10:40:15',
        0,
        NULL,
        '2026-07-03 21:10:10',
        '2026-06-26 10:35:00',
        '2026-07-14 15:43:29'
    ),
    (
        18,
        'U26070618A',
        'henry.fan@gmail.com',
        '$2b$12$LUasKw9Q3EzeWa24p0FSI.ge4ghxvbMGLTI7tL3rrCyjX2wvHTd2a',
        '范家豪',
        'Henry',
        '0911002233',
        '台中市南屯區文心路三段88號',
        NULL,
        'ACTIVE',
        1,
        '2026-06-27 14:25:00',
        5,
        '2026-07-20 00:00:00',
        '2026-07-02 11:20:10',
        '2026-06-27 14:20:00',
        '2026-07-14 15:43:33'
    ),
    (
        19,
        'U26070719E',
        'kelly.wu@gmail.com',
        '$2b$12$LUasKw9Q3EzeWa24p0FSI.ge4ghxvbMGLTI7tL3rrCyjX2wvHTd2a',
        '吳佩珊',
        'Kelly',
        '0922113344',
        '高雄市鼓山區美術館路50號',
        NULL,
        'ACTIVE',
        1,
        '2026-06-28 16:20:20',
        0,
        NULL,
        '2026-07-09 22:10:10',
        '2026-06-28 16:15:00',
        '2026-07-14 15:43:38'
    ),
    (
        20,
        'U26070720M',
        'leo.huang@gmail.com',
        '$2b$12$LUasKw9Q3EzeWa24p0FSI.ge4ghxvbMGLTI7tL3rrCyjX2wvHTd2a',
        '黃俊豪',
        'Leo',
        '0933224455',
        '桃園市龜山區文化一路100號',
        NULL,
        'ACTIVE',
        1,
        '2026-06-29 11:30:00',
        0,
        NULL,
        '2026-07-08 19:40:20',
        '2026-06-29 11:20:00',
        '2026-07-14 15:43:41'
    ),
    (
        21,
        'U26070721V',
        'mina.chang@gmail.com',
        '$2b$12$LUasKw9Q3EzeWa24p0FSI.ge4ghxvbMGLTI7tL3rrCyjX2wvHTd2a',
        '張心怡',
        'Mina',
        '0944335566',
        '台北市松山區南京東路五段66號',
        NULL,
        'ACTIVE',
        1,
        '2026-06-30 09:10:00',
        0,
        NULL,
        '2026-07-10 12:20:30',
        '2026-06-30 09:00:00',
        '2026-07-14 15:43:45'
    ),
    (
        22,
        'U26070822R',
        'steven.lin@gmail.com',
        '$2b$12$LUasKw9Q3EzeWa24p0FSI.ge4ghxvbMGLTI7tL3rrCyjX2wvHTd2a',
        '林威廷',
        'Steven',
        '0955446677',
        '新北市汐止區新台五路一段88號',
        NULL,
        'ACTIVE',
        1,
        '2026-07-01 13:10:00',
        0,
        NULL,
        '2026-07-09 17:20:10',
        '2026-07-01 13:00:00',
        '2026-07-14 15:43:51'
    ),
    (
        23,
        'U26070823Z',
        'anna.chen@gmail.com',
        '$2b$12$LUasKw9Q3EzeWa24p0FSI.ge4ghxvbMGLTI7tL3rrCyjX2wvHTd2a',
        '陳安琪',
        'Anna',
        '0966557788',
        '台南市安平區永華路二段100號',
        NULL,
        'ACTIVE',
        0,
        NULL,
        0,
        NULL,
        NULL,
        '2026-07-02 15:20:00',
        '2026-07-14 15:43:55'
    ),
    (
        24,
        'U26070824R',
        'frank.wang@gmail.com',
        '$2b$12$LUasKw9Q3EzeWa24p0FSI.ge4ghxvbMGLTI7tL3rrCyjX2wvHTd2a',
        '王志豪',
        'Frank',
        '0977668899',
        '彰化縣員林市中山路一段60號',
        NULL,
        'ACTIVE',
        1,
        '2026-07-03 10:10:00',
        0,
        NULL,
        '2026-07-10 09:20:10',
        '2026-07-03 10:00:00',
        '2026-07-14 15:43:59'
    ),
    (
        25,
        'U26070925T',
        'jenny.liu@gmail.com',
        '$2b$12$LUasKw9Q3EzeWa24p0FSI.ge4ghxvbMGLTI7tL3rrCyjX2wvHTd2a',
        '劉佳雯',
        'Jenny',
        '0988779900',
        '台北市內湖區瑞光路168號',
        NULL,
        'ACTIVE',
        1,
        '2026-07-04 14:30:00',
        0,
        NULL,
        '2026-07-10 20:10:10',
        '2026-07-04 14:20:00',
        '2026-07-14 15:44:03'
    ),
    (
        26,
        'U26070926H',
        'alex.hsu@gmail.com',
        '$2b$12$LUasKw9Q3EzeWa24p0FSI.ge4ghxvbMGLTI7tL3rrCyjX2wvHTd2a',
        '徐子軒',
        'Alex',
        '0911889900',
        '新北市淡水區學府路50號',
        NULL,
        'ACTIVE',
        1,
        '2026-07-05 12:10:00',
        2,
        '2026-07-18 00:00:00',
        '2026-07-06 10:00:00',
        '2026-07-05 12:00:00',
        '2026-07-14 15:30:53'
    ),
    (
        27,
        'U26070927M',
        'vivian.chen@gmail.com',
        '$2b$12$LUasKw9Q3EzeWa24p0FSI.ge4ghxvbMGLTI7tL3rrCyjX2wvHTd2a',
        '陳薇安',
        'Vivian',
        '0922990011',
        '台中市西區公益路120號',
        NULL,
        'ACTIVE',
        1,
        '2026-07-06 09:30:00',
        0,
        NULL,
        '2026-07-10 16:30:00',
        '2026-07-06 09:20:00',
        '2026-07-14 15:30:47'
    ),
    (
        28,
        'U26071028L',
        'mark.wu@gmail.com',
        '$2b$12$LUasKw9Q3EzeWa24p0FSI.ge4ghxvbMGLTI7tL3rrCyjX2wvHTd2a',
        '吳柏勳',
        'Mark',
        '0933001122',
        '高雄市前鎮區中山二路88號',
        NULL,
        'ACTIVE',
        1,
        '2026-07-07 11:10:00',
        0,
        NULL,
        '2026-07-09 20:20:00',
        '2026-07-07 11:00:00',
        '2026-07-14 15:30:42'
    ),
    (
        29,
        'U26071029K',
        'sandy.ho@gmail.com',
        '$2b$12$LUasKw9Q3EzeWa24p0FSI.ge4ghxvbMGLTI7tL3rrCyjX2wvHTd2a',
        '何珮琪',
        'Sandy',
        '0944112233',
        '桃園市蘆竹區南崁路200號',
        NULL,
        'ACTIVE',
        1,
        '2026-07-08 15:20:00',
        0,
        NULL,
        '2026-07-10 18:40:00',
        '2026-07-08 15:10:00',
        '2026-07-14 15:30:37'
    ),
    (
        30,
        'U26071030D',
        'ryan.lee@gmail.com',
        '$2b$12$LUasKw9Q3EzeWa24p0FSI.ge4ghxvbMGLTI7tL3rrCyjX2wvHTd2a',
        '李昱辰',
        'Ryan',
        '0955223344',
        '台北市文山區景興路80號',
        NULL,
        'ACTIVE',
        1,
        '2026-07-09 10:10:00',
        0,
        NULL,
        '2026-07-10 22:15:00',
        '2026-07-09 10:00:00',
        '2026-07-14 15:30:25'
    );

-- 第三方登入帳號：user_oauth_accounts
INSERT INTO
    `user_oauth_accounts` (
        `id`,
        `user_id`,
        `provider`,
        `provider_user_id`,
        `provider_email`,
        `provider_name`,
        `provider_avatar`,
        `created_at`,
        `updated_at`
    )
VALUES (
        1,
        1,
        'GOOGLE',
        'google_109284756001',
        'yuki.chen@gmail.com',
        '陳優希',
        'https://lh3.googleusercontent.com/avatar001',
        '2026-06-10 09:16:00',
        '2026-07-12 18:09:32'
    ),
    (
        2,
        2,
        'GOOGLE',
        'google_109284756002',
        'amy.wang@gmail.com',
        '王雅婷',
        'https://lh3.googleusercontent.com/avatar002',
        '2026-06-11 13:22:00',
        '2026-07-12 18:09:32'
    ),
    (
        3,
        3,
        'GOOGLE',
        'google_109284756003',
        'kevin.lin@gmail.com',
        '林承翰',
        'https://lh3.googleusercontent.com/avatar003',
        '2026-06-12 10:08:00',
        '2026-07-12 18:09:32'
    ),
    (
        4,
        5,
        'GOOGLE',
        'google_109284756005',
        'jacky.lee@gmail.com',
        '李冠廷',
        'https://lh3.googleusercontent.com/avatar005',
        '2026-06-14 11:50:00',
        '2026-07-12 18:09:32'
    ),
    (
        5,
        6,
        'GOOGLE',
        'google_109284756006',
        'sophia.tsai@gmail.com',
        '蔡佳穎',
        'https://lh3.googleusercontent.com/avatar006',
        '2026-06-15 08:35:00',
        '2026-07-12 18:09:32'
    ),
    (
        6,
        7,
        'GOOGLE',
        'google_109284756007',
        'eric.wu@gmail.com',
        '吳俊賢',
        'https://lh3.googleusercontent.com/avatar007',
        '2026-06-16 14:15:00',
        '2026-07-12 18:09:32'
    ),
    (
        7,
        8,
        'GOOGLE',
        'google_109284756008',
        'lisa.chang@gmail.com',
        '張雅雯',
        'https://lh3.googleusercontent.com/avatar008',
        '2026-06-17 12:15:00',
        '2026-07-12 18:09:32'
    ),
    (
        8,
        10,
        'GOOGLE',
        'google_109284756010',
        'vivian.liu@gmail.com',
        '劉薇安',
        'https://lh3.googleusercontent.com/avatar010',
        '2026-06-19 16:25:00',
        '2026-07-12 18:09:32'
    ),
    (
        9,
        11,
        'GOOGLE',
        'google_109284756011',
        'cindy.hsu@gmail.com',
        '許欣怡',
        'https://lh3.googleusercontent.com/avatar011',
        '2026-06-20 10:25:00',
        '2026-07-12 18:09:32'
    ),
    (
        10,
        13,
        'GOOGLE',
        'google_109284756013',
        'grace.yeh@gmail.com',
        '葉佳蓉',
        'https://lh3.googleusercontent.com/avatar013',
        '2026-06-22 09:35:00',
        '2026-07-12 18:09:32'
    ),
    (
        11,
        15,
        'GOOGLE',
        'google_109284756015',
        'iris.cheng@gmail.com',
        '鄭伊婷',
        'https://lh3.googleusercontent.com/avatar015',
        '2026-06-24 12:25:00',
        '2026-07-12 18:09:32'
    ),
    (
        12,
        17,
        'GOOGLE',
        'google_109284756017',
        'zoe.luo@gmail.com',
        '羅子晴',
        'https://lh3.googleusercontent.com/avatar017',
        '2026-06-26 10:45:00',
        '2026-07-12 18:09:32'
    ),
    (
        13,
        19,
        'GOOGLE',
        'google_109284756019',
        'kelly.wu@gmail.com',
        '吳佩珊',
        'https://lh3.googleusercontent.com/avatar019',
        '2026-06-28 16:25:00',
        '2026-07-12 18:09:32'
    ),
    (
        14,
        21,
        'GOOGLE',
        'google_109284756021',
        'mina.chang@gmail.com',
        '張心怡',
        'https://lh3.googleusercontent.com/avatar021',
        '2026-06-30 09:15:00',
        '2026-07-12 18:09:32'
    ),
    (
        15,
        22,
        'GOOGLE',
        'google_109284756022',
        'steven.lin@gmail.com',
        '林威廷',
        'https://lh3.googleusercontent.com/avatar022',
        '2026-07-01 13:15:00',
        '2026-07-12 18:09:32'
    ),
    (
        16,
        25,
        'GOOGLE',
        'google_109284756025',
        'jenny.liu@gmail.com',
        '劉佳雯',
        'https://lh3.googleusercontent.com/avatar025',
        '2026-07-04 14:35:00',
        '2026-07-12 18:09:32'
    ),
    (
        17,
        27,
        'GOOGLE',
        'google_109284756027',
        'vivian.chen@gmail.com',
        '陳薇安',
        'https://lh3.googleusercontent.com/avatar027',
        '2026-07-06 09:35:00',
        '2026-07-12 18:09:32'
    ),
    (
        18,
        30,
        'GOOGLE',
        'google_109284756030',
        'ryan.lee@gmail.com',
        '李昱辰',
        'https://lh3.googleusercontent.com/avatar030',
        '2026-07-09 10:15:00',
        '2026-07-12 18:09:32'
    );

-- 登入工作階段：sessions
INSERT INTO
    `sessions` (
        `id`,
        `user_id`,
        `access_token_hash`,
        `refresh_token_hash`,
        `user_agent`,
        `ip`,
        `device_name`,
        `expires_at`,
        `revoked_at`,
        `created_at`
    )
VALUES (
        1,
        1,
        '1b0eb86b920ac4bc4119faae0f8318ccfd080db68b39359761aabce57eee65b3',
        'e2264092125a50332f75b32d37c313cdff056d56ffa7445546e6ec14df919513',
        'Mozilla/5.0 (Macintosh; Intel Mac OS X 15_5) AppleWebKit/537.36 Chrome/137.0',
        '118.163.25.101',
        'MacBook Pro',
        '2026-08-09 21:35:20',
        NULL,
        '2026-07-10 21:35:20'
    ),
    (
        2,
        2,
        'e5542cd182e3335e9889f492d3064a728528fd66e439118d01bf1986d62794e7',
        'e1a8fa1df5caea30b9d472dead1da14fc90c518d6957eef381b4c6610f31f3a4',
        'Mozilla/5.0 (iPhone; CPU iPhone OS 18_5 like Mac OS X) AppleWebKit Safari',
        '118.163.25.102',
        'iPhone 15 Pro',
        '2026-08-08 18:20:15',
        NULL,
        '2026-07-09 18:20:15'
    ),
    (
        3,
        3,
        '33011b82f66a110d76faa7d07366b4369a379cdef1508eb268a5ef5eea20bd61',
        '4acf67ef5dd1fd2fda620bacaff64f157452d4b499c581edf7ec52c157062fc9',
        'Mozilla/5.0 (Windows NT 10.0; Win64; x64) Chrome/137',
        '118.163.25.103',
        'Windows Desktop',
        '2026-08-07 20:10:45',
        NULL,
        '2026-07-08 20:10:45'
    ),
    (
        4,
        4,
        '1376a84d46013ebc52cbf23d0021d0520043e7bf75d22502a04d23c06054f598',
        'f9b3f295976ec2b019b3f69e697289a23cef937e885c05ebe7ca2c8a350a02d1',
        'Mozilla/5.0 (Macintosh; Intel Mac OS X) Safari/18',
        '118.163.25.104',
        'MacBook Air',
        '2026-08-07 12:30:18',
        NULL,
        '2026-07-07 12:30:18'
    ),
    (
        5,
        5,
        'd905c46213b9d6839e9c28a564c13f5bd5b7d2785fa34e0ae646c12867af8230',
        '840aba96653621e40cd3e5bad469e4a94855a893b97c3e2f00bc316ce2dc1df2',
        'Mozilla/5.0 (iPhone; CPU iPhone OS 18_5) Safari',
        '118.163.25.105',
        'iPhone 15',
        '2026-08-06 22:15:30',
        NULL,
        '2026-07-06 22:15:30'
    ),
    (
        6,
        6,
        '423aa7893483a3ba91b7866728cb3b2720613eaae85524751f2cd9d1541a1acb',
        '758790767189bb21e69fc4db17b2da91067e73ecbb2a317da7762b3d0419a27c',
        'Mozilla/5.0 (iPad; CPU OS 18_5) Safari',
        '118.163.25.106',
        'iPad Air',
        '2026-08-05 19:22:10',
        NULL,
        '2026-07-05 19:22:10'
    ),
    (
        7,
        7,
        '3be99daa907abfb6894accb51be8114dc3cbf8b5f6c5ec2d60977f13674ee5f1',
        '954e1ab9e7e68eedc97f4a031a9df83c90e63656349605e0550401e816fa6f32',
        'Mozilla/5.0 Windows NT 10.0 Chrome',
        '118.163.25.107',
        'Windows Laptop',
        '2026-08-04 16:45:12',
        NULL,
        '2026-07-04 16:45:12'
    ),
    (
        8,
        8,
        '29f93d419f04c7c7e30a64f7766f230be8bf5c75961f983d302fb0d69441c694',
        'f0845e6cfa5921058e864fab9551dcbde150f06146b0d0959199cecd277c1f9e',
        'Mozilla/5.0 Chrome',
        '118.163.25.108',
        'Desktop PC',
        '2026-08-01 09:20:10',
        '2026-07-05 10:00:00',
        '2026-07-01 09:20:10'
    ),
    (
        9,
        9,
        '8dc398fb4f4edbde4dfadf1c947dfc7b26062be349da8bc1ab0c31f71c2c6d0b',
        '2c5237afe1684ab6402cb22442dec3a191d0704b6fe3faf03d092a2d78567b4c',
        'Mozilla/5.0 Android Chrome',
        '118.163.25.109',
        'Android Phone',
        '2026-08-10 10:00:00',
        NULL,
        '2026-07-10 10:00:00'
    ),
    (
        10,
        10,
        '98c3b760da8ee2e87b71744a56ddb2b8077bcbeb4b024d9a194def37f89832ce',
        '5f5f08791468833190e508d44672e1ae370a83f8ec8a3a37c8928511120e9e80',
        'Mozilla/5.0 MacBook Chrome',
        '118.163.25.110',
        'MacBook Pro',
        '2026-08-10 08:40:22',
        NULL,
        '2026-07-10 08:40:22'
    ),
    (
        11,
        11,
        'd9142929754875c095a5d91e1dec554a4209c762de7c725c5f18c4bf7e2f258f',
        '7f2cd1cefab1eea0a2c7d49b9540e648b4fd4aa9543d196126c7bc5c51f11635',
        'Mozilla/5.0 (Macintosh; Intel Mac OS X 15_5) Chrome/137',
        '118.163.25.111',
        'MacBook Pro',
        '2026-08-10 14:35:10',
        NULL,
        '2026-07-10 14:35:10'
    ),
    (
        12,
        12,
        '38fa27b7e8f63646bc495eb5262e4d53c7616e1e337233584742fa50e89e7328',
        '85bae3dab4539cb59021a208ce2822e158d73a5323d93adfaf04c8baf7ce9223',
        'Mozilla/5.0 (iPhone; CPU iPhone OS 18_5 Safari)',
        '118.163.25.112',
        'iPhone 15 Pro',
        '2026-08-09 10:00:00',
        NULL,
        '2026-07-09 10:00:00'
    ),
    (
        13,
        13,
        'a91c20c58938acad88111a1545c4ab87ae6449b9690b6229a4e93a5547dd9289',
        'a6cc837068b88dda6a11d9a1ee098aac37032db7aad5904579f39699a9267183',
        'Mozilla/5.0 Windows NT 10.0 Edge',
        '118.163.25.113',
        'Windows 11 PC',
        '2026-08-08 13:20:50',
        NULL,
        '2026-07-08 13:20:50'
    ),
    (
        14,
        14,
        '6d3af836a629f4f65a225472951baf28df1ebb7804ac70faad65bc71b351c4af',
        'cc06da2f5d589b6d47da1f485d36dfed748991b9745a50683d53a036359d2fb8',
        'Mozilla/5.0 Macintosh Safari',
        '118.163.25.114',
        'iMac',
        '2026-08-09 10:12:33',
        NULL,
        '2026-07-09 10:12:33'
    ),
    (
        15,
        15,
        'f738bb7febd7ed3ca3a855f0cc0e9edaa47d94b62735d787615eba00a09a47dd',
        'c126628cbba1c553e6472897b6bfea96f4f3fae61a4435772b2129c0f6f33620',
        'Mozilla/5.0 Android Chrome',
        '118.163.25.115',
        'Android Phone',
        '2026-08-06 18:30:20',
        NULL,
        '2026-07-06 18:30:20'
    ),
    (
        16,
        16,
        'e566f8e13c92669eb10b20c2ebccdf1491e291da643030dcb6332f7efde096c3',
        'a771b4298069cca7d24328610f0cfcb2d2131f18f37c9ee9c24b7dc86980a2df',
        'Mozilla/5.0 Windows Chrome',
        '118.163.25.116',
        'Windows Desktop',
        '2026-08-10 07:45:20',
        NULL,
        '2026-07-10 07:45:20'
    ),
    (
        17,
        17,
        '557a13e8bc5e43e8845bd8611ddbb0c5d241e3d87ae31668d9e2bf2b9455a4c2',
        '93f5fcdfa1696e216151baebc12a2c5001ad211c3a4fedffa51279fd12901af5',
        'Mozilla/5.0 iPad Safari',
        '118.163.25.117',
        'iPad Pro',
        '2026-08-03 21:10:10',
        NULL,
        '2026-07-03 21:10:10'
    ),
    (
        18,
        18,
        '320d4bdb6ec2330b108c838d37acff91119b309ece7624216f5743479458bdef',
        '78b9517de24e3b11e69baea3055cabc1d5b9d7c7a660512826fff683f0c8abcc',
        'Mozilla/5.0 Chrome',
        '118.163.25.118',
        'Windows Laptop',
        '2026-08-02 11:20:10',
        '2026-07-04 09:00:00',
        '2026-07-02 11:20:10'
    ),
    (
        19,
        19,
        '6269eee685d1f6220b8045e11f07cc6e9f54bf1a0d15341b7800f83f2eb54c5b',
        '7b1bc1331bb6a77b67c3eda888231ea26300c08303954740e519628f18b5263c',
        'Mozilla/5.0 MacBook Chrome',
        '118.163.25.119',
        'MacBook Air',
        '2026-08-09 22:10:10',
        NULL,
        '2026-07-09 22:10:10'
    ),
    (
        20,
        20,
        '981fa53d0fd1ee4c14002ea5973dcdf6f131f5039d9442209049c0b3978bb172',
        '84485bf3ae0ebf777d44e62da4f0e31996c3f0cd0b79b91d29111005fb5af8ce',
        'Mozilla/5.0 iPhone Safari',
        '118.163.25.120',
        'iPhone 14',
        '2026-08-08 19:40:20',
        NULL,
        '2026-07-08 19:40:20'
    ),
    (
        21,
        21,
        '8c975855a236c4ce7c5de4e854043f5a54ff2762be2f09fb541c25c1290fee5a',
        '0fdef919e35654e3f5e24b3f04c9d856657c43c8f995f24541fc1fca0f900331',
        'Mozilla/5.0 Mac OS Chrome',
        '118.163.25.121',
        'MacBook Pro',
        '2026-08-10 12:20:30',
        NULL,
        '2026-07-10 12:20:30'
    ),
    (
        22,
        22,
        'bda9ff7de4b94e2c69ccc2d4650cd4c54b48171de8c8805c2117b34da3f1aba8',
        '183858285b4055ed4702501cd896d8be331b7f43088dd3243eba5f777f05cac9',
        'Mozilla/5.0 Windows Edge',
        '118.163.25.122',
        'Windows 11',
        '2026-08-09 17:20:10',
        NULL,
        '2026-07-09 17:20:10'
    ),
    (
        23,
        23,
        '3c5eec638282e28cc21a827dcd5a433c1b551eebb1525f9538e7db0cc2fa90d4',
        '21db2cdb2764ed9e91c878956b7dcf72327186b6bd49eddaf6c8f80d244a20be',
        'Mozilla/5.0 Android Chrome',
        '118.163.25.123',
        'Samsung Galaxy',
        '2026-08-07 08:30:00',
        NULL,
        '2026-07-07 08:30:00'
    ),
    (
        24,
        24,
        '42e2799f44b47e90569ceddae0096509ea07f26ae19ea427d12f2c3ba41ae006',
        'c1dba800d23425b77815cc62b9969e99d50f7eca1689655dc714787e2b81c03a',
        'Mozilla/5.0 MacBook Safari',
        '118.163.25.124',
        'MacBook Air',
        '2026-08-10 09:20:10',
        NULL,
        '2026-07-10 09:20:10'
    ),
    (
        25,
        25,
        '0eab3c3a933788890daf945d164ba60230dbf8af4ac0721cc9dbded5cfe45898',
        '757f1dd883f8cc704e8b37b959afce869f86886db9563f094881e0db06479bde',
        'Mozilla/5.0 iPhone Safari',
        '118.163.25.125',
        'iPhone 15 Pro',
        '2026-08-10 20:10:10',
        NULL,
        '2026-07-10 20:10:10'
    ),
    (
        26,
        26,
        '55fdbc8783a9f5d6883ea2590460888e6fdc1a4c8be41073bf60cb673b1c27e0',
        '86430769538d3fbf365a879cbb5a47a812b1ddf23ce0cba22ebf261277cfce08',
        'Mozilla/5.0 Chrome Windows',
        '118.163.25.126',
        'Windows PC',
        '2026-08-06 10:00:00',
        '2026-07-08 10:00:00',
        '2026-07-06 10:00:00'
    ),
    (
        27,
        27,
        '1d98be90c7551e561c3d13fc35c380c1ac5ff735c2ab26f3c721041adcab14ad',
        '36528d0d78b38af9a94efb2beb1db0784ef24475525ba9b42ad43a0b79ed8c27',
        'Mozilla/5.0 MacOS Chrome',
        '118.163.25.127',
        'iMac',
        '2026-08-10 16:30:00',
        NULL,
        '2026-07-10 16:30:00'
    ),
    (
        28,
        28,
        '31c858a1ede8e5524e3ffdb708613fae248c20494aae5e768d29ad1bbe628297',
        '7652d8a91ab48b5032d13e2efdb77867ae0ffb6d8d6a0903123d3c7f9ae5816c',
        'Mozilla/5.0 Android Chrome',
        '118.163.25.128',
        'Pixel Phone',
        '2026-08-09 20:20:00',
        NULL,
        '2026-07-09 20:20:00'
    ),
    (
        29,
        29,
        '1fb0c96c8196ea781c10acddb9d9d1e94948d0578b34148d823604e549bddd0c',
        '6fa2f3714f47177d9760d2e68bf888c56efaa749a4aa9b8df4605328c9309cfa',
        'Mozilla/5.0 Windows Chrome',
        '118.163.25.129',
        'Windows Laptop',
        '2026-08-10 18:40:00',
        NULL,
        '2026-07-10 18:40:00'
    ),
    (
        30,
        30,
        '7a97e398733cfdcbaa0cfeb8f07ecf972e265462991513f40862a2eeff1485a5',
        '760c37c534d8261fa9e199200c9cf5bacdca2c8a7551f0d754dac8aad1ac63d8',
        'Mozilla/5.0 Macintosh Chrome',
        '118.163.25.130',
        'MacBook Pro',
        '2026-08-10 22:15:00',
        NULL,
        '2026-07-10 22:15:00'
    ),
    (
        33,
        1,
        'c0d1e307634486a1b2c80d8ae91fae9e653a3102a066169e790750e6004bcb62',
        '84cd62fc05f0839b7cc6131c5409f2a2f8f64eaaedea6d32e80295a52155690d',
        'Mozilla/5.0 (Macintosh; Intel Mac OS X 10_15_7) AppleWebKit/537.36 (KHTML, like Gecko) Chrome/150.0.0.0 Safari/537.36',
        '::1',
        'Mac/Chrome',
        '2026-07-20 15:34:53',
        NULL,
        '2026-07-13 15:34:53'
    ),
    (
        34,
        1,
        'c5de4eaff20ba1498be345d8133844cd062e68b2cd2ab9ed6d92979a31c2e63a',
        'f7cb9f98aec297b62c2ccf9b8bce8df2bc2046c8cab1b0eb31fee4c57275061f',
        'Mozilla/5.0 (Macintosh; Intel Mac OS X 10_15_7) AppleWebKit/537.36 (KHTML, like Gecko) Chrome/150.0.0.0 Safari/537.36',
        '::1',
        'Mac/Chrome',
        '2026-07-20 15:43:16',
        NULL,
        '2026-07-13 15:43:15'
    ),
    (
        35,
        2,
        'a4c32bc6f3afc5aecb8f2a6a43a936db3b370843a42b371540a0e7b3abcfb27e',
        '87f1d3ea24493b1235dc1175836e221f76bed718c3e6e2b6915302939a175cb1',
        'Mozilla/5.0 (Macintosh; Intel Mac OS X 10_15_7) AppleWebKit/537.36 (KHTML, like Gecko) Chrome/150.0.0.0 Safari/537.36',
        '::1',
        'Mac/Chrome',
        '2026-07-20 15:44:38',
        NULL,
        '2026-07-13 15:44:38'
    );

-- 一次性驗證碼：otp_codes
INSERT INTO
    `otp_codes` (
        `id`,
        `user_id`,
        `code_hash`,
        `type`,
        `expires_at`,
        `used`,
        `attempts`,
        `send_count`,
        `created_at`
    )
VALUES (
        1,
        1,
        '313988f1e99d5136bd8cbafa0c33708a91f2a6eb6b5d10c356a2c6e5e89352b1',
        'EMAIL_VERIFY',
        '2026-06-10 09:25:00',
        1,
        1,
        1,
        '2026-06-10 09:15:00'
    ),
    (
        2,
        2,
        'f1a8004b9754130d624d05aa0090da51a09171369a3074768cf789485bf8f926',
        'EMAIL_VERIFY',
        '2026-06-11 13:35:00',
        1,
        1,
        1,
        '2026-06-11 13:25:00'
    ),
    (
        3,
        3,
        '0305a100535c8a96d658cd4fbc718f814131be25c3416fd4de34b57ea9495e23',
        'EMAIL_VERIFY',
        '2026-06-12 10:20:00',
        1,
        1,
        1,
        '2026-06-12 10:10:00'
    ),
    (
        4,
        4,
        'bc376402a66a9b62415e5550db7a1897a10bae2f41140192ee10541d91ce59bd',
        'EMAIL_VERIFY',
        '2026-07-11 20:30:00',
        0,
        0,
        1,
        '2026-07-11 20:20:00'
    ),
    (
        5,
        5,
        '3cc396bdedd8f51bb2c54706c47702706d8f64395d01df3019a7920d6c796496',
        'FORGOT_PASSWORD',
        '2026-07-06 22:30:00',
        1,
        1,
        2,
        '2026-07-06 22:20:00'
    ),
    (
        6,
        6,
        'b47dcf03d515660c2852bbe5578768f183e2bf6f0e647f463154c377ba30c7a0',
        'FORGOT_PASSWORD',
        '2026-07-05 19:40:00',
        0,
        2,
        3,
        '2026-07-05 19:30:00'
    ),
    (
        7,
        7,
        'c6d14f771c938e2a1d387e2763ad9060d505eb063502df3d16d0ac6f0d1ff93d',
        'EMAIL_VERIFY',
        '2026-06-16 14:25:00',
        1,
        1,
        1,
        '2026-06-16 14:15:00'
    ),
    (
        8,
        8,
        'ec89fe3df5987ad1750d55ab8d459ff3e990387a6cdd25e1bce447dd2f98d242',
        'EMAIL_VERIFY',
        '2026-06-17 12:25:00',
        1,
        1,
        1,
        '2026-06-17 12:15:00'
    ),
    (
        9,
        9,
        'd178144fa75a42aa2e4333349071641e21de68c370d9abf854619943960f6f94',
        'EMAIL_VERIFY',
        '2026-07-11 20:40:00',
        0,
        0,
        2,
        '2026-07-11 20:30:00'
    ),
    (
        10,
        10,
        'e8d6c06f25ae0760b9492801704a4fb0a3ddcd80715a5ee0fe38501fed884077',
        'FORGOT_PASSWORD',
        '2026-07-10 08:55:00',
        1,
        1,
        1,
        '2026-07-10 08:45:00'
    ),
    (
        11,
        11,
        '26da4bb80586ba4196e4e54840a17a52185adb78ae26e76d55304c45f0b5f2e6',
        'EMAIL_VERIFY',
        '2026-06-20 10:35:00',
        1,
        1,
        1,
        '2026-06-20 10:25:00'
    ),
    (
        12,
        12,
        '4a6f2c28f0f6b3c3a5f2687d939efb5e1f4aa3b46be026a22a3fb3cf085187b0',
        'FORGOT_PASSWORD',
        '2026-07-11 18:30:00',
        0,
        3,
        3,
        '2026-07-11 18:20:00'
    ),
    (
        13,
        13,
        'a680811dce25afe830b4304bbd10b2592bc4dc24483b3ed0d52201d33f172a22',
        'EMAIL_VERIFY',
        '2026-06-22 09:45:00',
        1,
        1,
        1,
        '2026-06-22 09:35:00'
    ),
    (
        14,
        14,
        'ccf4b9c89a6c884505e7a997c8b6a650db8abd7d2224312c4bbebcd0c4cd222d',
        'EMAIL_VERIFY',
        '2026-06-23 15:50:00',
        1,
        1,
        1,
        '2026-06-23 15:40:00'
    ),
    (
        15,
        15,
        '31eeceeda3f777e95fcecb9492a6dac456c973c6d67dd9896a620f67495a1ec9',
        'FORGOT_PASSWORD',
        '2026-07-06 18:45:00',
        0,
        1,
        2,
        '2026-07-06 18:35:00'
    ),
    (
        16,
        16,
        '7353bd11608f5873b943979eb63474a4aa722d92ef8c4980f996a02cfc20d51a',
        'EMAIL_VERIFY',
        '2026-06-25 13:25:00',
        1,
        1,
        1,
        '2026-06-25 13:15:00'
    ),
    (
        17,
        17,
        '54c9c1515940419f87baf5e7fce45c1e1b2061400dd5d6816ea3fce1b14a82fe',
        'EMAIL_VERIFY',
        '2026-06-26 10:55:00',
        1,
        1,
        1,
        '2026-06-26 10:45:00'
    ),
    (
        18,
        18,
        '65a694a11f5e34e2a3e07577844b9333f212b7adf4424126d5928c57ae238ea5',
        'FORGOT_PASSWORD',
        '2026-07-02 11:35:00',
        0,
        2,
        2,
        '2026-07-02 11:25:00'
    ),
    (
        19,
        19,
        '32f704af7781143e2713d3811e95e002746f4059536086f69b8f9c21c39d1adc',
        'EMAIL_VERIFY',
        '2026-06-28 16:35:00',
        1,
        1,
        1,
        '2026-06-28 16:25:00'
    ),
    (
        20,
        20,
        '0f774898904ea6de7ab6d2adb0b52aafc6f3920969ba5938948e94ac8aa1819c',
        'FORGOT_PASSWORD',
        '2026-07-08 19:55:00',
        1,
        1,
        1,
        '2026-07-08 19:45:00'
    ),
    (
        21,
        21,
        'abd1edcbae33ef557c002c7c459a6cceb6bc499dcb05341b9d7786e1953c38e7',
        'EMAIL_VERIFY',
        '2026-06-30 09:25:00',
        1,
        1,
        1,
        '2026-06-30 09:15:00'
    ),
    (
        22,
        22,
        '5e2d91dfb9733168c74a60f3eac57bbe29b8d99da81409ea4cfe2fa29d9d1d2c',
        'EMAIL_VERIFY',
        '2026-07-01 13:25:00',
        1,
        1,
        1,
        '2026-07-01 13:15:00'
    ),
    (
        23,
        23,
        '5e139b47447ffacaa7fb881ea4561f4c1b5b3f9180fef8d0e1ec2a9261b04f94',
        'EMAIL_VERIFY',
        '2026-07-02 15:30:00',
        0,
        0,
        1,
        '2026-07-02 15:20:00'
    ),
    (
        24,
        24,
        '4faf63437822440bb6cc8f23307d421f94c47ad410a49dea4a1b236624e50604',
        'FORGOT_PASSWORD',
        '2026-07-10 09:35:00',
        1,
        1,
        1,
        '2026-07-10 09:25:00'
    ),
    (
        25,
        25,
        '31d463623f0c7361cff37609ce66e52e01feadeb4d50df1bb08e44cdac60f041',
        'EMAIL_VERIFY',
        '2026-07-04 14:45:00',
        1,
        1,
        1,
        '2026-07-04 14:35:00'
    ),
    (
        26,
        26,
        '5ade45748db3fe067c4575789fea10cec5114732ee1d8bd619427f7680fd84f1',
        'FORGOT_PASSWORD',
        '2026-07-08 10:10:00',
        0,
        3,
        4,
        '2026-07-08 10:00:00'
    ),
    (
        27,
        27,
        '8d9c3ff53d3ce4b04d386b6a710dc2767c22a9ff656fd795c2b61ae8c370c1bf',
        'EMAIL_VERIFY',
        '2026-07-06 09:45:00',
        1,
        1,
        1,
        '2026-07-06 09:35:00'
    ),
    (
        28,
        28,
        '54bf081bb0f2d9f8e7dda66648539ab104e336dcaf56ad75aaa56c0541b7ca9f',
        'EMAIL_VERIFY',
        '2026-07-07 11:20:00',
        1,
        1,
        1,
        '2026-07-07 11:10:00'
    ),
    (
        29,
        29,
        '83bcba65edb8ddc31ce38d0fd31f28afeeb2fa85b1472a4d5512a5c5fbc6ac1d',
        'FORGOT_PASSWORD',
        '2026-07-10 18:50:00',
        0,
        1,
        2,
        '2026-07-10 18:40:00'
    ),
    (
        30,
        30,
        '6a04264c4e5c6bb0b6c92efeb2dfd814adbe6d67ceda1b49dbf7efa42500e911',
        'EMAIL_VERIFY',
        '2026-07-09 10:25:00',
        1,
        1,
        1,
        '2026-07-09 10:15:00'
    );

-- 登入紀錄：login_logs
INSERT INTO
    `login_logs` (
        `id`,
        `user_id`,
        `email`,
        `method`,
        `ip`,
        `country`,
        `city`,
        `user_agent`,
        `browser`,
        `os`,
        `device`,
        `success`,
        `reason`,
        `created_at`
    )
VALUES (
        1,
        1,
        'yuki.chen@gmail.com',
        'GOOGLE',
        '118.163.25.101',
        'Taiwan',
        'Taipei',
        'Mozilla/5.0 Macintosh Chrome',
        'Chrome',
        'macOS',
        'Desktop',
        1,
        NULL,
        '2026-07-10 21:35:20'
    ),
    (
        2,
        1,
        'yuki.chen@gmail.com',
        'PASSWORD',
        '118.163.25.150',
        'Taiwan',
        'Taipei',
        'Mozilla/5.0 iPhone Safari',
        'Safari',
        'iOS',
        'Mobile',
        1,
        NULL,
        '2026-07-08 18:20:10'
    ),
    (
        3,
        2,
        'amy.wang@gmail.com',
        'GOOGLE',
        '118.163.25.102',
        'Taiwan',
        'New Taipei',
        'Mozilla/5.0 iPhone Safari',
        'Safari',
        'iOS',
        'Mobile',
        1,
        NULL,
        '2026-07-09 18:20:15'
    ),
    (
        4,
        3,
        'kevin.lin@gmail.com',
        'PASSWORD',
        '118.163.25.103',
        'Taiwan',
        'Taoyuan',
        'Mozilla/5.0 Windows Chrome',
        'Chrome',
        'Windows 11',
        'Desktop',
        1,
        NULL,
        '2026-07-08 20:10:45'
    ),
    (
        5,
        4,
        'mia.huang@gmail.com',
        'PASSWORD',
        '118.163.25.104',
        'Taiwan',
        'Taichung',
        'Mozilla/5.0 Mac Safari',
        'Safari',
        'macOS',
        'Laptop',
        1,
        NULL,
        '2026-07-07 12:30:18'
    ),
    (
        6,
        5,
        'jacky.lee@gmail.com',
        'GOOGLE',
        '118.163.25.105',
        'Taiwan',
        'Kaohsiung',
        'Mozilla/5.0 iPhone Safari',
        'Safari',
        'iOS',
        'Mobile',
        1,
        NULL,
        '2026-07-06 22:15:30'
    ),
    (
        7,
        6,
        'sophia.tsai@gmail.com',
        'PASSWORD',
        '118.163.25.106',
        'Taiwan',
        'Taipei',
        'Mozilla/5.0 iPad Safari',
        'Safari',
        'iPadOS',
        'Tablet',
        1,
        NULL,
        '2026-07-05 19:22:10'
    ),
    (
        8,
        7,
        'eric.wu@gmail.com',
        'GOOGLE',
        '118.163.25.107',
        'Taiwan',
        'New Taipei',
        'Mozilla/5.0 Chrome',
        'Chrome',
        'Windows',
        'Desktop',
        1,
        NULL,
        '2026-07-04 16:45:12'
    ),
    (
        9,
        8,
        'lisa.chang@gmail.com',
        'PASSWORD',
        '118.163.25.108',
        'Taiwan',
        'Taipei',
        'Mozilla/5.0 Chrome',
        'Chrome',
        'Windows',
        'Desktop',
        0,
        'Incorrect password',
        '2026-07-01 09:20:10'
    ),
    (
        10,
        9,
        'andy.kuo@gmail.com',
        'PASSWORD',
        '118.163.25.109',
        'Taiwan',
        'Taoyuan',
        'Mozilla/5.0 Android Chrome',
        'Chrome',
        'Android',
        'Mobile',
        1,
        NULL,
        '2026-07-10 10:00:00'
    ),
    (
        11,
        10,
        'vivian.liu@gmail.com',
        'GOOGLE',
        '118.163.25.110',
        'Taiwan',
        'Taipei',
        'Mozilla/5.0 Mac Chrome',
        'Chrome',
        'macOS',
        'Desktop',
        1,
        NULL,
        '2026-07-10 08:40:22'
    ),
    (
        12,
        11,
        'cindy.hsu@gmail.com',
        'PASSWORD',
        '118.163.25.111',
        'Taiwan',
        'New Taipei',
        'Mozilla/5.0 Windows Edge',
        'Edge',
        'Windows 11',
        'Desktop',
        1,
        NULL,
        '2026-07-10 14:35:10'
    ),
    (
        13,
        12,
        'ben.chou@gmail.com',
        'PASSWORD',
        '118.163.25.112',
        'Taiwan',
        'Taipei',
        'Mozilla/5.0 Chrome',
        'Chrome',
        'Windows',
        'Desktop',
        0,
        'Incorrect password',
        '2026-07-09 10:00:00'
    ),
    (
        14,
        13,
        'grace.yeh@gmail.com',
        'GOOGLE',
        '118.163.25.113',
        'Taiwan',
        'Hsinchu',
        'Mozilla/5.0 iPhone Safari',
        'Safari',
        'iOS',
        'Mobile',
        1,
        NULL,
        '2026-07-08 13:20:50'
    ),
    (
        15,
        14,
        'tony.ho@gmail.com',
        'PASSWORD',
        '118.163.25.114',
        'Taiwan',
        'Hsinchu',
        'Mozilla/5.0 Chrome',
        'Chrome',
        'Windows',
        'Desktop',
        1,
        NULL,
        '2026-07-09 10:12:33'
    ),
    (
        16,
        15,
        'iris.cheng@gmail.com',
        'GOOGLE',
        '118.163.25.115',
        'Taiwan',
        'Tainan',
        'Mozilla/5.0 Android Chrome',
        'Chrome',
        'Android',
        'Mobile',
        1,
        NULL,
        '2026-07-06 18:30:20'
    ),
    (
        17,
        16,
        'wayne.yang@gmail.com',
        'PASSWORD',
        '118.163.25.116',
        'Taiwan',
        'Taipei',
        'Mozilla/5.0 Windows Chrome',
        'Chrome',
        'Windows 11',
        'Desktop',
        1,
        NULL,
        '2026-07-10 07:45:20'
    ),
    (
        18,
        17,
        'zoe.luo@gmail.com',
        'GOOGLE',
        '118.163.25.117',
        'Taiwan',
        'New Taipei',
        'Mozilla/5.0 iPad Safari',
        'Safari',
        'iPadOS',
        'Tablet',
        1,
        NULL,
        '2026-07-03 21:10:10'
    ),
    (
        19,
        18,
        'henry.fan@gmail.com',
        'PASSWORD',
        '118.163.25.118',
        'Taiwan',
        'Taichung',
        'Mozilla/5.0 Chrome',
        'Chrome',
        'Windows',
        'Desktop',
        0,
        'Incorrect password',
        '2026-07-02 11:20:10'
    ),
    (
        20,
        19,
        'kelly.wu@gmail.com',
        'GOOGLE',
        '118.163.25.119',
        'Taiwan',
        'Kaohsiung',
        'Mozilla/5.0 Mac Chrome',
        'Chrome',
        'macOS',
        'Laptop',
        1,
        NULL,
        '2026-07-09 22:10:10'
    ),
    (
        21,
        20,
        'leo.huang@gmail.com',
        'PASSWORD',
        '118.163.25.120',
        'Taiwan',
        'Taoyuan',
        'Mozilla/5.0 iPhone Safari',
        'Safari',
        'iOS',
        'Mobile',
        1,
        NULL,
        '2026-07-08 19:40:20'
    ),
    (
        22,
        21,
        'mina.chang@gmail.com',
        'GOOGLE',
        '118.163.25.121',
        'Taiwan',
        'Taipei',
        'Mozilla/5.0 Mac Chrome',
        'Chrome',
        'macOS',
        'Desktop',
        1,
        NULL,
        '2026-07-10 12:20:30'
    ),
    (
        23,
        22,
        'steven.lin@gmail.com',
        'PASSWORD',
        '118.163.25.122',
        'Taiwan',
        'New Taipei',
        'Mozilla/5.0 Edge',
        'Edge',
        'Windows 11',
        'Desktop',
        1,
        NULL,
        '2026-07-09 17:20:10'
    ),
    (
        24,
        23,
        'anna.chen@gmail.com',
        'PASSWORD',
        '118.163.25.123',
        'Taiwan',
        'Tainan',
        'Mozilla/5.0 Chrome',
        'Chrome',
        'Android',
        'Mobile',
        0,
        'Incorrect password',
        '2026-07-02 15:30:00'
    ),
    (
        25,
        24,
        'frank.wang@gmail.com',
        'PASSWORD',
        '118.163.25.124',
        'Taiwan',
        'Changhua',
        'Mozilla/5.0 Mac Safari',
        'Safari',
        'macOS',
        'Laptop',
        1,
        NULL,
        '2026-07-10 09:20:10'
    ),
    (
        26,
        25,
        'jenny.liu@gmail.com',
        'GOOGLE',
        '118.163.25.125',
        'Taiwan',
        'Taipei',
        'Mozilla/5.0 iPhone Safari',
        'Safari',
        'iOS',
        'Mobile',
        1,
        NULL,
        '2026-07-10 20:10:10'
    ),
    (
        27,
        26,
        'alex.hsu@gmail.com',
        'PASSWORD',
        '118.163.25.126',
        'Taiwan',
        'New Taipei',
        'Mozilla/5.0 Chrome',
        'Chrome',
        'Windows',
        'Desktop',
        0,
        'Account locked',
        '2026-07-06 10:00:00'
    ),
    (
        28,
        27,
        'vivian.chen@gmail.com',
        'GOOGLE',
        '118.163.25.127',
        'Taiwan',
        'Taichung',
        'Mozilla/5.0 Mac Chrome',
        'Chrome',
        'macOS',
        'Desktop',
        1,
        NULL,
        '2026-07-10 16:30:00'
    ),
    (
        29,
        28,
        'mark.wu@gmail.com',
        'PASSWORD',
        '118.163.25.128',
        'Taiwan',
        'Kaohsiung',
        'Mozilla/5.0 Android Chrome',
        'Chrome',
        'Android',
        'Mobile',
        1,
        NULL,
        '2026-07-09 20:20:00'
    ),
    (
        30,
        29,
        'sandy.ho@gmail.com',
        'PASSWORD',
        '118.163.25.129',
        'Taiwan',
        'Taoyuan',
        'Mozilla/5.0 Windows Chrome',
        'Chrome',
        'Windows 11',
        'Desktop',
        1,
        NULL,
        '2026-07-10 18:40:00'
    ),
    (
        31,
        30,
        'ryan.lee@gmail.com',
        'GOOGLE',
        '118.163.25.130',
        'Taiwan',
        'Taipei',
        'Mozilla/5.0 Mac Chrome',
        'Chrome',
        'macOS',
        'Desktop',
        1,
        NULL,
        '2026-07-10 22:15:00'
    ),
    (
        32,
        8,
        'lisa.chang@gmail.com',
        'PASSWORD',
        '45.77.21.88',
        'Taiwan',
        'Taipei',
        'Mozilla/5.0 Chrome',
        'Chrome',
        'Windows',
        'Desktop',
        0,
        'Incorrect password',
        '2026-07-02 03:15:20'
    ),
    (
        33,
        12,
        'ben.chou@gmail.com',
        'PASSWORD',
        '45.77.21.90',
        'Taiwan',
        'Taichung',
        'Mozilla/5.0 Chrome',
        'Chrome',
        'Windows',
        'Desktop',
        0,
        'Incorrect password',
        '2026-07-09 02:20:10'
    ),
    (
        34,
        26,
        'alex.hsu@gmail.com',
        'PASSWORD',
        '45.77.21.91',
        'Taiwan',
        'Kaohsiung',
        'Mozilla/5.0 Chrome',
        'Chrome',
        'Windows',
        'Desktop',
        0,
        'Account locked',
        '2026-07-08 04:10:30'
    ),
    (
        35,
        NULL,
        'copilot.test.1783924504@example.com',
        'PASSWORD',
        '::1',
        NULL,
        NULL,
        'curl/8.7.1',
        'Unknown',
        'Unknown',
        'desktop',
        1,
        NULL,
        '2026-07-13 14:35:09'
    ),
    (
        36,
        NULL,
        'fullfix_a@example.com',
        'PASSWORD',
        '::1',
        NULL,
        NULL,
        'curl/8.7.1',
        'Unknown',
        'Unknown',
        'desktop',
        1,
        NULL,
        '2026-07-13 14:48:35'
    ),
    (
        37,
        NULL,
        'smoke_1783925684276@example.com',
        'PASSWORD',
        '::1',
        NULL,
        NULL,
        'node',
        'Unknown',
        'Unknown',
        'desktop',
        1,
        NULL,
        '2026-07-13 14:54:48'
    ),
    (
        38,
        NULL,
        'smoke_1783925732152@example.com',
        'PASSWORD',
        '::1',
        NULL,
        NULL,
        'node',
        'Unknown',
        'Unknown',
        'desktop',
        1,
        NULL,
        '2026-07-13 14:55:35'
    ),
    (
        39,
        NULL,
        'smoke_1783926783646@example.com',
        'PASSWORD',
        '::1',
        NULL,
        NULL,
        'node',
        'Unknown',
        'Unknown',
        'desktop',
        1,
        NULL,
        '2026-07-13 15:13:08'
    ),
    (
        40,
        NULL,
        'smoke_1783926807238@example.com',
        'PASSWORD',
        '::1',
        NULL,
        NULL,
        'node',
        'Unknown',
        'Unknown',
        'desktop',
        1,
        NULL,
        '2026-07-13 15:13:31'
    ),
    (
        41,
        1,
        'yuki.chen@gmail.com',
        'PASSWORD',
        '::1',
        NULL,
        NULL,
        'Mozilla/5.0 (Macintosh; Intel Mac OS X 10_15_7) AppleWebKit/537.36 (KHTML, like Gecko) Chrome/150.0.0.0 Safari/537.36',
        'Chrome',
        'Mac',
        'desktop',
        1,
        NULL,
        '2026-07-13 15:34:53'
    ),
    (
        42,
        1,
        'yuki.chen@gmail.com',
        'PASSWORD',
        '::1',
        NULL,
        NULL,
        'Mozilla/5.0 (Macintosh; Intel Mac OS X 10_15_7) AppleWebKit/537.36 (KHTML, like Gecko) Chrome/150.0.0.0 Safari/537.36',
        'Chrome',
        'Mac',
        'desktop',
        1,
        NULL,
        '2026-07-13 15:43:15'
    ),
    (
        43,
        2,
        'amy.wang@gmail.com',
        'PASSWORD',
        '::1',
        NULL,
        NULL,
        'Mozilla/5.0 (Macintosh; Intel Mac OS X 10_15_7) AppleWebKit/537.36 (KHTML, like Gecko) Chrome/150.0.0.0 Safari/537.36',
        'Chrome',
        'Mac',
        'desktop',
        1,
        NULL,
        '2026-07-13 15:44:38'
    ),
    (
        44,
        NULL,
        'test@pet.local',
        'PASSWORD',
        '::1',
        NULL,
        NULL,
        'Mozilla/5.0 (Macintosh; Intel Mac OS X 10_15_7) AppleWebKit/537.36 (KHTML, like Gecko) Chrome/150.0.0.0 Safari/537.36',
        'Chrome',
        'Mac',
        'desktop',
        0,
        'INVALID_CREDENTIALS',
        '2026-07-13 15:52:11'
    ),
    (
        45,
        NULL,
        'yixuana429@gmail.com',
        'PASSWORD',
        '::1',
        NULL,
        NULL,
        'Mozilla/5.0 (Macintosh; Intel Mac OS X 10_15_7) AppleWebKit/537.36 (KHTML, like Gecko) Chrome/150.0.0.0 Safari/537.36',
        'Chrome',
        'Mac',
        'desktop',
        1,
        NULL,
        '2026-07-13 16:25:48'
    );

-- 客服會話：chat_consultations
INSERT INTO
    `chat_consultations` (
        `id`,
        `case_no`,
        `user_id`,
        `title`,
        `status`,
        `handoff_type`,
        `handoff_at`,
        `handoff_reason`,
        `opened_at`,
        `closed_at`,
        `last_message_at`,
        `created_at`,
        `updated_at`
    )
VALUES (
        1,
        'C26070101J',
        1,
        '貓咪掉毛保健商品諮詢',
        'OPEN',
        'NONE',
        NULL,
        NULL,
        '2026-07-10 21:40:00',
        NULL,
        '2026-07-10 21:42:00',
        '2026-07-10 21:40:00',
        '2026-07-14 15:46:30'
    ),
    (
        2,
        'C26070102N',
        2,
        '幼犬天然零食推薦',
        'CLOSED',
        'EMAIL',
        '2026-07-09 18:40:00',
        '需要人工確認商品庫存',
        '2026-07-09 18:20:00',
        '2026-07-09 18:45:00',
        '2026-07-09 18:45:00',
        '2026-07-09 18:20:00',
        '2026-07-14 15:46:35'
    ),
    (
        3,
        'C26070103C',
        3,
        '敏感腸胃貓咪飼料詢問',
        'OPEN',
        'NONE',
        NULL,
        NULL,
        '2026-07-08 20:15:00',
        NULL,
        '2026-07-08 20:18:00',
        '2026-07-08 20:15:00',
        '2026-07-14 15:46:39'
    ),
    (
        4,
        'C26070204J',
        4,
        '商品配送時間詢問',
        'CLOSED',
        'NONE',
        NULL,
        NULL,
        '2026-07-07 12:40:00',
        '2026-07-07 13:00:00',
        '2026-07-07 13:00:00',
        '2026-07-07 12:40:00',
        '2026-07-14 15:46:42'
    ),
    (
        5,
        'C26070205U',
        5,
        '狗狗關節保健食品推薦',
        'OPEN',
        'NONE',
        NULL,
        NULL,
        '2026-07-06 22:20:00',
        NULL,
        '2026-07-06 22:25:00',
        '2026-07-06 22:20:00',
        '2026-07-14 15:46:48'
    ),
    (
        6,
        'C26070206I',
        6,
        '幼貓營養補充問題',
        'OPEN',
        'NONE',
        NULL,
        NULL,
        '2026-07-05 19:30:00',
        NULL,
        '2026-07-05 19:35:00',
        '2026-07-05 19:30:00',
        '2026-07-14 15:46:52'
    ),
    (
        7,
        'C26070307M',
        7,
        '寵物食品成分詢問',
        'CLOSED',
        'EMAIL',
        '2026-07-04 17:00:00',
        '客戶需要成分檢驗資料',
        '2026-07-04 16:45:00',
        '2026-07-04 17:20:00',
        '2026-07-04 17:20:00',
        '2026-07-04 16:45:00',
        '2026-07-14 15:46:59'
    ),
    (
        8,
        'C26070308X',
        8,
        '狗狗皮膚照護商品',
        'OPEN',
        'NONE',
        NULL,
        NULL,
        '2026-07-01 09:30:00',
        NULL,
        '2026-07-01 09:35:00',
        '2026-07-01 09:30:00',
        '2026-07-14 15:47:04'
    ),
    (
        9,
        'C26070309Q',
        9,
        '貓砂商品比較',
        'CLOSED',
        'NONE',
        NULL,
        NULL,
        '2026-07-10 10:05:00',
        '2026-07-10 10:30:00',
        '2026-07-10 10:30:00',
        '2026-07-10 10:05:00',
        '2026-07-14 15:47:08'
    ),
    (
        10,
        'C26070410L',
        10,
        '訂單配送進度查詢',
        'OPEN',
        'EMAIL',
        '2026-07-10 09:00:00',
        '物流問題需確認',
        '2026-07-10 08:45:00',
        NULL,
        '2026-07-10 09:10:00',
        '2026-07-10 08:45:00',
        '2026-07-14 15:47:13'
    ),
    (
        11,
        'C26070411P',
        11,
        '貓咪主食罐推薦',
        'OPEN',
        'NONE',
        NULL,
        NULL,
        '2026-07-10 14:40:00',
        NULL,
        '2026-07-10 14:45:00',
        '2026-07-10 14:40:00',
        '2026-07-14 15:47:25'
    ),
    (
        12,
        'C26070412W',
        12,
        '忘記密碼帳號協助',
        'CLOSED',
        'EMAIL',
        '2026-07-09 10:20:00',
        '需要確認會員身份',
        '2026-07-09 10:00:00',
        '2026-07-09 10:30:00',
        '2026-07-09 10:30:00',
        '2026-07-09 10:00:00',
        '2026-07-14 15:47:28'
    ),
    (
        13,
        'C26070513X',
        13,
        '天然洗護用品推薦',
        'OPEN',
        'NONE',
        NULL,
        NULL,
        '2026-07-08 13:30:00',
        NULL,
        '2026-07-08 13:35:00',
        '2026-07-08 13:30:00',
        '2026-07-14 15:47:32'
    ),
    (
        14,
        'C26070514B',
        14,
        '狗狗日常營養補充',
        'CLOSED',
        'NONE',
        NULL,
        NULL,
        '2026-07-09 10:20:00',
        '2026-07-09 10:50:00',
        '2026-07-09 10:50:00',
        '2026-07-09 10:20:00',
        '2026-07-14 15:47:36'
    ),
    (
        15,
        'C26070515V',
        15,
        '寵物零食成分詢問',
        'OPEN',
        'NONE',
        NULL,
        NULL,
        '2026-07-06 18:40:00',
        NULL,
        '2026-07-06 18:50:00',
        '2026-07-06 18:40:00',
        '2026-07-14 15:47:41'
    ),
    (
        16,
        'C26070616E',
        16,
        '老犬關節保養商品',
        'OPEN',
        'EMAIL',
        '2026-07-10 08:00:00',
        '需要客服推薦方案',
        '2026-07-10 07:50:00',
        NULL,
        '2026-07-10 08:10:00',
        '2026-07-10 07:50:00',
        '2026-07-14 15:47:47'
    ),
    (
        17,
        'C26070617N',
        17,
        '貓咪飲水設備推薦',
        'CLOSED',
        'NONE',
        NULL,
        NULL,
        '2026-07-03 21:20:00',
        '2026-07-03 21:45:00',
        '2026-07-03 21:45:00',
        '2026-07-03 21:20:00',
        '2026-07-14 15:47:52'
    ),
    (
        18,
        'C26070618S',
        18,
        '寵物過敏照護問題',
        'OPEN',
        'EMAIL',
        '2026-07-02 11:40:00',
        '需人工確認醫療相關問題',
        '2026-07-02 11:30:00',
        NULL,
        '2026-07-02 11:50:00',
        '2026-07-02 11:30:00',
        '2026-07-14 15:47:56'
    ),
    (
        19,
        'C26070719R',
        19,
        '天然食品保存方式',
        'OPEN',
        'NONE',
        NULL,
        NULL,
        '2026-07-09 22:20:00',
        NULL,
        '2026-07-09 22:25:00',
        '2026-07-09 22:20:00',
        '2026-07-14 15:48:02'
    ),
    (
        20,
        'C26070720Q',
        20,
        '訂單修改需求',
        'CLOSED',
        'EMAIL',
        '2026-07-08 19:55:00',
        '訂單資訊修改',
        '2026-07-08 19:45:00',
        '2026-07-08 20:10:00',
        '2026-07-08 20:10:00',
        '2026-07-08 19:45:00',
        '2026-07-14 15:48:06'
    ),
    (
        21,
        'C26070721I',
        21,
        '幼貓飼料挑選',
        'OPEN',
        'NONE',
        NULL,
        NULL,
        '2026-07-10 12:30:00',
        NULL,
        '2026-07-10 12:35:00',
        '2026-07-10 12:30:00',
        '2026-07-14 15:48:10'
    ),
    (
        22,
        'C26070822M',
        22,
        '狗狗玩具安全性詢問',
        'CLOSED',
        'NONE',
        NULL,
        NULL,
        '2026-07-09 17:30:00',
        '2026-07-09 17:50:00',
        '2026-07-09 17:50:00',
        '2026-07-09 17:30:00',
        '2026-07-14 15:48:15'
    ),
    (
        23,
        'C26070823D',
        23,
        '寵物食品退換貨問題',
        'OPEN',
        'EMAIL',
        '2026-07-02 15:40:00',
        '商品退換貨確認',
        '2026-07-02 15:30:00',
        NULL,
        '2026-07-02 15:50:00',
        '2026-07-02 15:30:00',
        '2026-07-14 15:48:29'
    ),
    (
        24,
        'C26070824X',
        24,
        '狗狗鮮食推薦',
        'OPEN',
        'NONE',
        NULL,
        NULL,
        '2026-07-10 09:30:00',
        NULL,
        '2026-07-10 09:35:00',
        '2026-07-10 09:30:00',
        '2026-07-14 15:48:34'
    ),
    (
        25,
        'C26070925W',
        25,
        '貓咪保健食品比較',
        'CLOSED',
        'NONE',
        NULL,
        NULL,
        '2026-07-10 20:20:00',
        '2026-07-10 20:45:00',
        '2026-07-10 20:45:00',
        '2026-07-10 20:20:00',
        '2026-07-14 15:48:38'
    ),
    (
        26,
        'C26070926L',
        26,
        '帳號安全問題',
        'OPEN',
        'EMAIL',
        '2026-07-06 10:10:00',
        '帳號登入異常',
        '2026-07-06 10:00:00',
        NULL,
        '2026-07-06 10:20:00',
        '2026-07-06 10:00:00',
        '2026-07-14 15:48:46'
    ),
    (
        27,
        'C26070927T',
        27,
        '寵物床墊尺寸詢問',
        'OPEN',
        'NONE',
        NULL,
        NULL,
        '2026-07-10 16:40:00',
        NULL,
        '2026-07-10 16:45:00',
        '2026-07-10 16:40:00',
        '2026-07-14 15:48:52'
    ),
    (
        28,
        'C26071028E',
        28,
        '狗狗外出用品推薦',
        'CLOSED',
        'NONE',
        NULL,
        NULL,
        '2026-07-09 20:30:00',
        '2026-07-09 20:55:00',
        '2026-07-09 20:55:00',
        '2026-07-09 20:30:00',
        '2026-07-14 15:48:56'
    ),
    (
        29,
        'C26071029M',
        29,
        '商品優惠活動詢問',
        'OPEN',
        'NONE',
        NULL,
        NULL,
        '2026-07-10 18:50:00',
        NULL,
        '2026-07-10 18:55:00',
        '2026-07-10 18:50:00',
        '2026-07-14 15:49:00'
    ),
    (
        30,
        'C26071030A',
        30,
        '會員優惠券問題',
        'CLOSED',
        'EMAIL',
        '2026-07-10 22:25:00',
        '優惠券使用確認',
        '2026-07-10 22:15:00',
        '2026-07-10 22:40:00',
        '2026-07-10 22:40:00',
        '2026-07-10 22:15:00',
        '2026-07-14 15:49:04'
    );

-- 客服訊息：chat_messages
INSERT INTO
    `chat_messages` (
        `id`,
        `consultation_id`,
        `user_id`,
        `content`,
        `sender`,
        `type`,
        `metadata`,
        `created_at`
    )
VALUES (
        1,
        1,
        1,
        '我的貓咪最近掉毛很嚴重，有推薦適合的保健食品嗎？',
        'USER',
        'TEXT',
        '{\"pet\": \"cat\", \"type\": \"question\"}',
        '2026-07-10 21:42:00'
    ),
    (
        2,
        2,
        2,
        '我的幼犬剛滿半歲，想找天然無添加的零食。',
        'USER',
        'TEXT',
        '{\"pet\": \"dog\", \"type\": \"question\"}',
        '2026-07-09 18:25:00'
    ),
    (
        3,
        3,
        3,
        '貓咪腸胃比較敏感，請問有推薦的飼料嗎？',
        'USER',
        'TEXT',
        '{\"pet\": \"cat\", \"type\": \"question\"}',
        '2026-07-08 20:18:00'
    ),
    (
        4,
        4,
        4,
        '請問訂單大概多久可以收到？',
        'USER',
        'TEXT',
        '{\"type\": \"shipping\"}',
        '2026-07-07 12:45:00'
    ),
    (
        5,
        5,
        5,
        '狗狗年紀大了，需要補充關節保健嗎？',
        'USER',
        'TEXT',
        '{\"pet\": \"dog\", \"type\": \"health\"}',
        '2026-07-06 22:25:00'
    ),
    (
        6,
        6,
        6,
        '幼貓可以吃成貓的營養補充品嗎？',
        'USER',
        'TEXT',
        '{\"pet\": \"cat\", \"type\": \"nutrition\"}',
        '2026-07-05 19:35:00'
    ),
    (
        7,
        7,
        7,
        '想了解商品是否有提供完整成分表。',
        'USER',
        'TEXT',
        '{\"type\": \"ingredient\"}',
        '2026-07-04 16:50:00'
    ),
    (
        8,
        8,
        8,
        '我的狗狗皮膚容易敏感，有適合的洗護用品嗎？',
        'USER',
        'TEXT',
        '{\"pet\": \"dog\", \"type\": \"care\"}',
        '2026-07-01 09:35:00'
    ),
    (
        9,
        9,
        9,
        '貓砂種類很多，不知道哪一款比較適合新手飼主。',
        'USER',
        'TEXT',
        '{\"pet\": \"cat\", \"type\": \"product_compare\"}',
        '2026-07-10 10:10:00'
    ),
    (
        10,
        10,
        10,
        '我想查詢目前訂單配送進度。',
        'USER',
        'TEXT',
        '{\"type\": \"order\"}',
        '2026-07-10 08:50:00'
    ),
    (
        11,
        11,
        11,
        '想請問適合成貓每天食用的主食罐推薦。',
        'USER',
        'TEXT',
        '{\"pet\": \"cat\", \"type\": \"food\"}',
        '2026-07-10 14:45:00'
    ),
    (
        12,
        12,
        12,
        '我忘記登入密碼，需要協助重設帳號。',
        'USER',
        'TEXT',
        '{\"type\": \"account\"}',
        '2026-07-09 10:05:00'
    ),
    (
        13,
        13,
        13,
        '請推薦天然成分的寵物洗毛精。',
        'USER',
        'TEXT',
        '{\"type\": \"care\"}',
        '2026-07-08 13:35:00'
    ),
    (
        14,
        14,
        14,
        '狗狗平常需要補充哪些營養品？',
        'USER',
        'TEXT',
        '{\"pet\": \"dog\", \"type\": \"nutrition\"}',
        '2026-07-09 10:25:00'
    ),
    (
        15,
        15,
        15,
        '請問零食是否適合每天餵食？',
        'USER',
        'TEXT',
        '{\"type\": \"snack\"}',
        '2026-07-06 18:50:00'
    ),
    (
        16,
        16,
        16,
        '老犬最近活動量下降，有推薦關節保健商品嗎？',
        'USER',
        'TEXT',
        '{\"pet\": \"dog\", \"type\": \"health\"}',
        '2026-07-10 08:10:00'
    ),
    (
        17,
        17,
        17,
        '想購買適合室內貓使用的飲水設備。',
        'USER',
        'TEXT',
        '{\"pet\": \"cat\", \"type\": \"product\"}',
        '2026-07-03 21:25:00'
    ),
    (
        18,
        18,
        18,
        '我的寵物有過敏狀況，可以推薦相關商品嗎？',
        'USER',
        'TEXT',
        '{\"pet\": \"dog\", \"type\": \"health\"}',
        '2026-07-02 11:50:00'
    ),
    (
        19,
        19,
        19,
        '天然食品開封後應該如何保存？',
        'USER',
        'TEXT',
        '{\"type\": \"storage\"}',
        '2026-07-09 22:25:00'
    ),
    (
        20,
        20,
        20,
        '訂單下錯商品，可以協助修改嗎？',
        'USER',
        'TEXT',
        '{\"type\": \"order_change\"}',
        '2026-07-08 19:50:00'
    ),
    (
        21,
        21,
        21,
        '幼貓剛開始吃乾糧，有推薦品牌嗎？',
        'USER',
        'TEXT',
        '{\"pet\": \"cat\", \"type\": \"food\"}',
        '2026-07-10 12:35:00'
    ),
    (
        22,
        22,
        22,
        '狗狗玩具材質是否安全無毒？',
        'USER',
        'TEXT',
        '{\"pet\": \"dog\", \"type\": \"product\"}',
        '2026-07-09 17:35:00'
    ),
    (
        23,
        23,
        23,
        '收到商品後想申請退換貨。',
        'USER',
        'TEXT',
        '{\"type\": \"return\"}',
        '2026-07-02 15:50:00'
    ),
    (
        24,
        24,
        24,
        '想找適合小型犬的天然鮮食。',
        'USER',
        'TEXT',
        '{\"pet\": \"dog\", \"type\": \"food\"}',
        '2026-07-10 09:35:00'
    ),
    (
        25,
        25,
        25,
        '貓咪保健食品有哪些差異？',
        'USER',
        'TEXT',
        '{\"pet\": \"cat\", \"type\": \"compare\"}',
        '2026-07-10 20:25:00'
    ),
    (
        26,
        26,
        26,
        '帳號出現異常登入通知，想確認安全問題。',
        'USER',
        'TEXT',
        '{\"type\": \"security\"}',
        '2026-07-06 10:20:00'
    ),
    (
        27,
        27,
        27,
        '寵物床墊尺寸如何選擇？',
        'USER',
        'TEXT',
        '{\"type\": \"product\"}',
        '2026-07-10 16:45:00'
    ),
    (
        28,
        28,
        28,
        '想購買狗狗外出用品，有推薦嗎？',
        'USER',
        'TEXT',
        '{\"pet\": \"dog\", \"type\": \"product\"}',
        '2026-07-09 20:35:00'
    ),
    (
        29,
        29,
        29,
        '目前有哪些會員優惠活動？',
        'USER',
        'TEXT',
        '{\"type\": \"promotion\"}',
        '2026-07-10 18:55:00'
    ),
    (
        30,
        30,
        30,
        '優惠券要如何使用？',
        'USER',
        'TEXT',
        '{\"type\": \"coupon\"}',
        '2026-07-10 22:20:00'
    ),
    (
        31,
        1,
        NULL,
        '您好，針對貓咪掉毛問題，可以考慮含有 Omega-3、魚油與營養補充配方的保健食品。建議依照貓咪年齡與體重選擇適合份量。',
        'AI',
        'TEXT',
        '{\"type\": \"ai_response\", \"model\": \"gpt\"}',
        '2026-07-10 21:43:00'
    ),
    (
        32,
        2,
        NULL,
        '幼犬建議選擇低添加、天然原料製作的零食，並控制每日餵食比例避免影響正餐。',
        'AI',
        'TEXT',
        '{\"type\": \"ai_response\", \"model\": \"gpt\"}',
        '2026-07-09 18:26:00'
    ),
    (
        33,
        3,
        NULL,
        '敏感腸胃貓咪可以選擇容易消化、蛋白質來源單純的配方食品。',
        'AI',
        'TEXT',
        '{\"type\": \"ai_response\", \"model\": \"gpt\"}',
        '2026-07-08 20:19:00'
    ),
    (
        34,
        4,
        NULL,
        '一般訂單約於付款完成後 2～5 個工作天送達，實際時間依物流狀況為準。',
        'AI',
        'TEXT',
        '{\"type\": \"ai_response\", \"model\": \"gpt\"}',
        '2026-07-07 12:46:00'
    ),
    (
        35,
        5,
        NULL,
        '年長犬隻可以補充葡萄糖胺、軟骨素等關節保健成分，建議依照活動量調整。',
        'AI',
        'TEXT',
        '{\"type\": \"ai_response\", \"model\": \"gpt\"}',
        '2026-07-06 22:26:00'
    ),
    (
        36,
        6,
        NULL,
        '幼貓成長階段需要不同營養比例，建議選擇符合幼貓需求的專用產品。',
        'AI',
        'TEXT',
        '{\"type\": \"ai_response\", \"model\": \"gpt\"}',
        '2026-07-05 19:36:00'
    ),
    (
        37,
        7,
        NULL,
        '所有 MOFU 商品皆提供完整成分資訊，可於商品詳細頁查看。',
        'AI',
        'TEXT',
        '{\"type\": \"ai_response\", \"model\": \"gpt\"}',
        '2026-07-04 16:51:00'
    ),
    (
        38,
        8,
        NULL,
        '狗狗皮膚敏感時，建議選擇溫和低刺激的洗護用品，避免含有過多人工香料成分。',
        'AI',
        'TEXT',
        '{\"type\": \"ai_response\", \"model\": \"gpt\"}',
        '2026-07-01 09:36:00'
    ),
    (
        39,
        9,
        NULL,
        '貓砂選擇可以依照除臭能力、粉塵量與貓咪接受程度挑選，初次使用建議少量測試。',
        'AI',
        'TEXT',
        '{\"type\": \"ai_response\", \"model\": \"gpt\"}',
        '2026-07-10 10:11:00'
    ),
    (
        40,
        10,
        NULL,
        '您好，已收到您的配送查詢需求，建議至會員中心查看最新物流狀態。',
        'AI',
        'TEXT',
        '{\"type\": \"ai_response\", \"model\": \"gpt\"}',
        '2026-07-10 08:51:00'
    ),
    (
        41,
        11,
        NULL,
        '成貓主食罐可依照蛋白質來源與每日熱量需求挑選，建議搭配乾糧增加飲食豐富度。',
        'AI',
        'TEXT',
        '{\"type\": \"ai_response\", \"model\": \"gpt\"}',
        '2026-07-10 14:46:00'
    ),
    (
        42,
        12,
        NULL,
        '我們可以協助您透過 Email 驗證流程重新設定密碼，請確認註冊信箱是否可正常收信。',
        'AI',
        'TEXT',
        '{\"type\": \"ai_response\", \"model\": \"gpt\"}',
        '2026-07-09 10:06:00'
    ),
    (
        43,
        13,
        NULL,
        '天然洗護用品建議選擇適合寵物肌膚酸鹼值的配方，避免過度清潔造成刺激。',
        'AI',
        'TEXT',
        '{\"type\": \"ai_response\", \"model\": \"gpt\"}',
        '2026-07-08 13:36:00'
    ),
    (
        44,
        14,
        NULL,
        '狗狗日常營養可以依照年齡、體型與活動量補充，例如關節、皮毛或腸胃保健。',
        'AI',
        'TEXT',
        '{\"type\": \"ai_response\", \"model\": \"gpt\"}',
        '2026-07-09 10:26:00'
    ),
    (
        45,
        15,
        NULL,
        '零食建議作為獎勵使用，每日攝取量不要超過總熱量比例。',
        'AI',
        'TEXT',
        '{\"type\": \"ai_response\", \"model\": \"gpt\"}',
        '2026-07-06 18:51:00'
    ),
    (
        46,
        16,
        NULL,
        '老犬關節保健可以選擇含葡萄糖胺、軟骨素或魚油成分的產品。',
        'AI',
        'TEXT',
        '{\"type\": \"ai_response\", \"model\": \"gpt\"}',
        '2026-07-10 08:11:00'
    ),
    (
        47,
        17,
        NULL,
        '室內貓飲水設備建議選擇容易清潔、低噪音並提供循環過濾功能的款式。',
        'AI',
        'TEXT',
        '{\"type\": \"ai_response\", \"model\": \"gpt\"}',
        '2026-07-03 21:26:00'
    ),
    (
        48,
        18,
        NULL,
        '若寵物有過敏問題，建議先確認過敏來源，商品選擇以低敏與單純成分為主。',
        'AI',
        'TEXT',
        '{\"type\": \"ai_response\", \"model\": \"gpt\"}',
        '2026-07-02 11:51:00'
    ),
    (
        49,
        19,
        NULL,
        '天然食品開封後建議密封保存，並依照商品標示期限內使用完畢。',
        'AI',
        'TEXT',
        '{\"type\": \"ai_response\", \"model\": \"gpt\"}',
        '2026-07-09 22:26:00'
    ),
    (
        50,
        20,
        NULL,
        '訂單修改需確認目前處理狀態，若尚未出貨可協助調整。',
        'AI',
        'TEXT',
        '{\"type\": \"ai_response\", \"model\": \"gpt\"}',
        '2026-07-08 19:51:00'
    ),
    (
        51,
        21,
        NULL,
        '幼貓建議選擇高營養密度、符合成長階段需求的幼貓專用食品。',
        'AI',
        'TEXT',
        '{\"type\": \"ai_response\", \"model\": \"gpt\"}',
        '2026-07-10 12:36:00'
    ),
    (
        52,
        22,
        NULL,
        'MOFU 商品皆會標示材質資訊，建議選擇無毒、安全且適合寵物使用的產品。',
        'AI',
        'TEXT',
        '{\"type\": \"ai_response\", \"model\": \"gpt\"}',
        '2026-07-09 17:36:00'
    ),
    (
        53,
        23,
        NULL,
        '退換貨需要確認商品狀態與購買時間，客服會協助後續流程。',
        'AI',
        'TEXT',
        '{\"type\": \"ai_response\", \"model\": \"gpt\"}',
        '2026-07-02 15:51:00'
    ),
    (
        54,
        24,
        NULL,
        '小型犬鮮食建議注意蛋白質比例與每日餵食量，可依體重調整。',
        'AI',
        'TEXT',
        '{\"type\": \"ai_response\", \"model\": \"gpt\"}',
        '2026-07-10 09:36:00'
    ),
    (
        55,
        25,
        NULL,
        '保健食品差異主要在成分比例與功能方向，例如皮毛、腸胃或關節保養。',
        'AI',
        'TEXT',
        '{\"type\": \"ai_response\", \"model\": \"gpt\"}',
        '2026-07-10 20:26:00'
    ),
    (
        56,
        26,
        NULL,
        '已收到您的安全問題，建議立即確認登入紀錄，若有異常請修改密碼。',
        'AI',
        'TEXT',
        '{\"type\": \"ai_response\", \"model\": \"gpt\"}',
        '2026-07-06 10:21:00'
    ),
    (
        57,
        27,
        NULL,
        '寵物床墊尺寸建議依照寵物體型與睡姿選擇，確保足夠活動空間。',
        'AI',
        'TEXT',
        '{\"type\": \"ai_response\", \"model\": \"gpt\"}',
        '2026-07-10 16:46:00'
    ),
    (
        58,
        28,
        NULL,
        '外出用品可以依照使用情境選擇，例如胸背帶、外出包與飲水設備。',
        'AI',
        'TEXT',
        '{\"type\": \"ai_response\", \"model\": \"gpt\"}',
        '2026-07-09 20:36:00'
    ),
    (
        59,
        29,
        NULL,
        '會員優惠活動會依照活動期間更新，可至會員中心查看最新優惠。',
        'AI',
        'TEXT',
        '{\"type\": \"ai_response\", \"model\": \"gpt\"}',
        '2026-07-10 18:56:00'
    ),
    (
        60,
        30,
        NULL,
        '優惠券可以於結帳頁面選擇符合條件的優惠券套用。',
        'AI',
        'TEXT',
        '{\"type\": \"ai_response\", \"model\": \"gpt\"}',
        '2026-07-10 22:21:00'
    );

-- 客服附件：chat_attachments
INSERT INTO
    `chat_attachments` (
        `id`,
        `message_id`,
        `file_url`,
        `file_name`,
        `mime_type`,
        `file_size`,
        `created_at`
    )
VALUES (
        1,
        1,
        'https://storage.mofu.com/chat/pet/cat_001.jpg',
        'cat_shedding_problem.jpg',
        'image/jpeg',
        245760,
        '2026-07-10 21:42:10'
    ),
    (
        2,
        3,
        'https://storage.mofu.com/chat/pet/cat_002.jpg',
        'cat_food_photo.jpg',
        'image/jpeg',
        183420,
        '2026-07-08 20:18:10'
    ),
    (
        3,
        5,
        'https://storage.mofu.com/chat/pet/dog_001.jpg',
        'dog_joint_health.jpg',
        'image/jpeg',
        298340,
        '2026-07-06 22:25:10'
    ),
    (
        4,
        7,
        'https://storage.mofu.com/chat/product/product_001.jpg',
        'ingredient_label.jpg',
        'image/jpeg',
        152800,
        '2026-07-04 16:50:10'
    ),
    (
        5,
        8,
        'https://storage.mofu.com/chat/pet/dog_skin.jpg',
        'dog_skin_condition.jpg',
        'image/jpeg',
        342500,
        '2026-07-01 09:35:10'
    ),
    (
        6,
        9,
        'https://storage.mofu.com/chat/product/cat_litter.jpg',
        'cat_litter_compare.jpg',
        'image/jpeg',
        221600,
        '2026-07-10 10:10:10'
    ),
    (
        7,
        11,
        'https://storage.mofu.com/chat/product/cat_food.jpg',
        'cat_wet_food.jpg',
        'image/jpeg',
        190500,
        '2026-07-10 14:45:10'
    ),
    (
        8,
        13,
        'https://storage.mofu.com/chat/product/shampoo.jpg',
        'pet_shampoo.jpg',
        'image/jpeg',
        175300,
        '2026-07-08 13:35:10'
    ),
    (
        9,
        15,
        'https://storage.mofu.com/chat/product/snack.jpg',
        'pet_snack.jpg',
        'image/jpeg',
        164200,
        '2026-07-06 18:50:10'
    ),
    (
        10,
        16,
        'https://storage.mofu.com/chat/pet/old_dog.jpg',
        'old_dog_health.jpg',
        'image/jpeg',
        301400,
        '2026-07-10 08:10:10'
    ),
    (
        11,
        17,
        'https://storage.mofu.com/chat/product/water_fountain.jpg',
        'cat_water_fountain.jpg',
        'image/jpeg',
        278900,
        '2026-07-03 21:25:10'
    ),
    (
        12,
        18,
        'https://storage.mofu.com/chat/pet/allergy.jpg',
        'pet_allergy_photo.jpg',
        'image/jpeg',
        356700,
        '2026-07-02 11:50:10'
    ),
    (
        13,
        20,
        'https://storage.mofu.com/chat/order/order_photo.jpg',
        'order_information.jpg',
        'image/jpeg',
        125400,
        '2026-07-08 19:50:10'
    ),
    (
        14,
        22,
        'https://storage.mofu.com/chat/product/toy.jpg',
        'dog_toy_material.jpg',
        'image/jpeg',
        210300,
        '2026-07-09 17:35:10'
    ),
    (
        15,
        23,
        'https://storage.mofu.com/chat/order/return.jpg',
        'return_product.jpg',
        'image/jpeg',
        189700,
        '2026-07-02 15:50:10'
    ),
    (
        16,
        24,
        'https://storage.mofu.com/chat/product/fresh_food.jpg',
        'dog_fresh_food.jpg',
        'image/jpeg',
        245900,
        '2026-07-10 09:35:10'
    ),
    (
        17,
        25,
        'https://storage.mofu.com/chat/product/supplement.jpg',
        'cat_supplement.jpg',
        'image/jpeg',
        230600,
        '2026-07-10 20:25:10'
    ),
    (
        18,
        26,
        'https://storage.mofu.com/chat/security/login_warning.jpg',
        'login_warning.jpg',
        'image/jpeg',
        102400,
        '2026-07-06 10:20:10'
    ),
    (
        19,
        27,
        'https://storage.mofu.com/chat/product/pet_bed.jpg',
        'pet_bed_size.jpg',
        'image/jpeg',
        220800,
        '2026-07-10 16:45:10'
    ),
    (
        20,
        28,
        'https://storage.mofu.com/chat/product/outdoor.jpg',
        'dog_outdoor_goods.jpg',
        'image/jpeg',
        198500,
        '2026-07-09 20:35:10'
    ),
    (
        21,
        29,
        'https://storage.mofu.com/chat/promotion/event.jpg',
        'member_discount.jpg',
        'image/jpeg',
        145600,
        '2026-07-10 18:55:10'
    ),
    (
        22,
        30,
        'https://storage.mofu.com/chat/coupon/coupon.jpg',
        'coupon_problem.jpg',
        'image/jpeg',
        132400,
        '2026-07-10 22:20:10'
    );

-- Socket 連線紀錄：socket_connections
INSERT INTO
    `socket_connections` (
        `id`,
        `user_id`,
        `socket_id`,
        `is_online`,
        `connected_at`,
        `disconnected_at`,
        `created_at`
    )
VALUES (
        1,
        1,
        'socket_mofu_user_001_a8f31',
        1,
        '2026-07-10 21:40:00',
        NULL,
        '2026-07-10 21:40:00'
    ),
    (
        2,
        2,
        'socket_mofu_user_002_b7c42',
        0,
        '2026-07-09 18:20:00',
        '2026-07-09 18:50:00',
        '2026-07-09 18:20:00'
    ),
    (
        3,
        3,
        'socket_mofu_user_003_c9d21',
        1,
        '2026-07-08 20:10:00',
        NULL,
        '2026-07-08 20:10:00'
    ),
    (
        4,
        4,
        'socket_mofu_user_004_d2e15',
        0,
        '2026-07-07 12:30:00',
        '2026-07-07 13:10:00',
        '2026-07-07 12:30:00'
    ),
    (
        5,
        5,
        'socket_mofu_user_005_e4f22',
        1,
        '2026-07-06 22:15:00',
        NULL,
        '2026-07-06 22:15:00'
    ),
    (
        6,
        6,
        'socket_mofu_user_006_f8g33',
        0,
        '2026-07-05 19:20:00',
        '2026-07-05 20:00:00',
        '2026-07-05 19:20:00'
    ),
    (
        7,
        7,
        'socket_mofu_user_007_g5h41',
        1,
        '2026-07-04 16:40:00',
        NULL,
        '2026-07-04 16:40:00'
    ),
    (
        8,
        8,
        'socket_mofu_user_008_h3j52',
        0,
        '2026-07-01 09:20:00',
        '2026-07-01 10:05:00',
        '2026-07-01 09:20:00'
    ),
    (
        9,
        9,
        'socket_mofu_user_009_j7k62',
        1,
        '2026-07-10 10:00:00',
        NULL,
        '2026-07-10 10:00:00'
    ),
    (
        10,
        10,
        'socket_mofu_user_010_k9l73',
        1,
        '2026-07-10 08:40:00',
        NULL,
        '2026-07-10 08:40:00'
    ),
    (
        11,
        11,
        'socket_mofu_user_011_l2m84',
        1,
        '2026-07-10 14:35:00',
        NULL,
        '2026-07-10 14:35:00'
    ),
    (
        12,
        12,
        'socket_mofu_user_012_m5n91',
        0,
        '2026-07-09 10:00:00',
        '2026-07-09 10:40:00',
        '2026-07-09 10:00:00'
    ),
    (
        13,
        13,
        'socket_mofu_user_013_n8p26',
        1,
        '2026-07-08 13:20:00',
        NULL,
        '2026-07-08 13:20:00'
    ),
    (
        14,
        14,
        'socket_mofu_user_014_p4q37',
        0,
        '2026-07-09 10:10:00',
        '2026-07-09 11:00:00',
        '2026-07-09 10:10:00'
    ),
    (
        15,
        15,
        'socket_mofu_user_015_q6r48',
        1,
        '2026-07-06 18:30:00',
        NULL,
        '2026-07-06 18:30:00'
    ),
    (
        16,
        16,
        'socket_mofu_user_016_r1s59',
        1,
        '2026-07-10 07:45:00',
        NULL,
        '2026-07-10 07:45:00'
    ),
    (
        17,
        17,
        'socket_mofu_user_017_s3t61',
        0,
        '2026-07-03 21:10:00',
        '2026-07-03 22:00:00',
        '2026-07-03 21:10:00'
    ),
    (
        18,
        18,
        'socket_mofu_user_018_t7u72',
        1,
        '2026-07-02 11:20:00',
        NULL,
        '2026-07-02 11:20:00'
    ),
    (
        19,
        19,
        'socket_mofu_user_019_u4v83',
        1,
        '2026-07-09 22:10:00',
        NULL,
        '2026-07-09 22:10:00'
    ),
    (
        20,
        20,
        'socket_mofu_user_020_v8w94',
        0,
        '2026-07-08 19:40:00',
        '2026-07-08 20:20:00',
        '2026-07-08 19:40:00'
    ),
    (
        21,
        21,
        'socket_mofu_user_021_w2x15',
        1,
        '2026-07-10 12:20:00',
        NULL,
        '2026-07-10 12:20:00'
    ),
    (
        22,
        22,
        'socket_mofu_user_022_x5y26',
        0,
        '2026-07-09 17:20:00',
        '2026-07-09 18:00:00',
        '2026-07-09 17:20:00'
    ),
    (
        23,
        23,
        'socket_mofu_user_023_y9z37',
        1,
        '2026-07-02 15:30:00',
        NULL,
        '2026-07-02 15:30:00'
    ),
    (
        24,
        24,
        'socket_mofu_user_024_z1a48',
        1,
        '2026-07-10 09:20:00',
        NULL,
        '2026-07-10 09:20:00'
    ),
    (
        25,
        25,
        'socket_mofu_user_025_a2b59',
        0,
        '2026-07-10 20:10:00',
        '2026-07-10 21:00:00',
        '2026-07-10 20:10:00'
    ),
    (
        26,
        26,
        'socket_mofu_user_026_b3c61',
        1,
        '2026-07-06 10:00:00',
        NULL,
        '2026-07-06 10:00:00'
    ),
    (
        27,
        27,
        'socket_mofu_user_027_c4d72',
        1,
        '2026-07-10 16:30:00',
        NULL,
        '2026-07-10 16:30:00'
    ),
    (
        28,
        28,
        'socket_mofu_user_028_d5e83',
        0,
        '2026-07-09 20:20:00',
        '2026-07-09 21:10:00',
        '2026-07-09 20:20:00'
    ),
    (
        29,
        29,
        'socket_mofu_user_029_e6f94',
        1,
        '2026-07-10 18:40:00',
        NULL,
        '2026-07-10 18:40:00'
    ),
    (
        30,
        30,
        'socket_mofu_user_030_f7g05',
        1,
        '2026-07-10 22:15:00',
        NULL,
        '2026-07-10 22:15:00'
    );

COMMIT;